date,sp500_ew,msci_europe,msci_em,msci_ageing,euro_govbond_1_5y
2024-02-22,0.011921835175663809,0.008835078534031426,0.0057088487155090295,0.010758921849659986,-0.0006386602327560498
2024-02-23,0.003831390211810781,0.004054492377554286,0.0004054601973240146,0.0038226538881134253,0.0009941063693814645
2024-02-26,-0.005325836547727558,-0.003715070263285325,-0.006079437989732539,0.0003923931735561048,-0.0010640561821664285
2024-02-27,0.001249297497073032,0.0011348897535667923,0.00326219926600535,0.008491372030162703,-7.101264024989007e-05
2024-02-28,0.0034612306457739717,-0.003886639676113357,-0.012057986722666336,-0.005552860882756638,-0.0001420353668064589
2024-02-29,0.0030436621375105055,-0.0006503007641033287,0.0030170049369171448,-0.00488907336907296,0.000568222174870403
2024-03-01,0.003641844563387009,0.006344558321132343,0.011484823625922846,0.00606987660051761,0.0002839497408957392
2024-03-04,0.003534195739849144,-0.00016165535079204485,-0.0029737766964044177,-0.0005222009563263796,0.0
2024-03-05,-0.002217521902816544,-0.002263540824575583,-0.00854121475054248,-0.002947371347967187,0.0011354765453126525
2024-03-06,-0.0006034760746230772,0.0035650623885918886,0.010802680158621625,0.008777291210338545,-0.00028354717516121397
2024-03-07,0.0023184613674551713,0.012110447279186198,0.0,0.0050511634633017,0.00113451038786061
2024-03-08,0.0033697604667661807,-0.0009572431397575354,0.0043290043290042934,0.010766736497766383,0.0015581840073659592
2024-03-11,-0.0028269066904699214,-0.003193867773874093,0.0013469827586207739,-0.00976016268778035,-0.000636447210239699
2024-03-12,0.0035022541835389998,0.010413329061198295,0.009147161689534444,-0.001456305324340601,-0.0007076139258420655
2024-03-13,0.001449825586413489,0.0017440938639605719,-0.0055985070647827095,0.0001238386485160614,0.0001416229995752083
2024-03-14,-0.003599481927336945,-0.0014245014245013454,-0.0006702412868632157,-0.006651650675557175,-0.010691022373265469
2024-03-15,-0.0028772952298381504,-0.0041210968457759956,-0.007645875251508949,-0.0035997400539916624,-0.0005725327417160919
2024-03-18,0.005891123040815183,0.00031831927423220385,0.002703433360367713,0.0037035908738907164,-0.0001432151808092863
2024-03-19,0.0015376806593478953,0.00222752585521091,-0.005931517929361196,0.0014078945072388827,0.0008594141660100973
2024-03-20,0.003548571210351792,0.0,0.004882017900732283,0.00015265311107048873,-7.155635062605636e-05
2024-03-21,0.014939018001370208,0.00873154468963322,0.01187584345479098,0.009248381237538794,0.0008587376556461468
2024-03-22,0.0008294709610248141,0.0007869058860561218,-0.00400106695118696,-0.00897658571798543,0.0003575003575002622
2024-03-25,-0.00527873562572434,0.00031451486082700875,-0.0024102838778790048,0.0014977181241329074,-0.0007862197126723425
2024-03-26,0.000916819229812349,0.002200911806319761,0.0016107382550336613,0.0036787511137224005,0.0005007153075822224
2024-03-27,0.007253436677690406,0.0014117647058824456,-0.0010720986330742255,0.007316767153044301,0.0012869092728962084
2024-03-28,0.012689133635831018,0.0026629072681705335,0.00845183793936144,0.00961827047312025,-0.00035701535166021703
2024-04-02,-0.011939874433998576,-0.008748633026089747,0.009179193827324683,-0.02543490288870609,-0.0008571428571428896
2024-04-03,-0.0024720965414459783,0.0029944838455475686,-0.00527287107830221,0.0045812393825481745,0.000357449242207597
2024-04-04,0.0009488547175726669,0.0009428032683846954,0.005565862708719838,0.004720044795928358,0.0005002501250623848
2024-04-05,-0.008755758966131899,-0.008634222919937318,-0.008170795993674096,-0.011091904191827595,-0.0002142857142857224
2024-04-08,0.0032370560927930114,0.004908946951702298,0.007573744352909806,0.004061995400953311,-0.0010716582124741247
2024-04-09,-0.00406488436476049,-0.004254648597541766,0.0019781089278649855,-0.00027990306967351497,0.0008582463166928456
2024-04-10,3.909239333421688e-05,0.00031650577623043574,-0.0010529086601737125,-0.012598610787689424,-0.0005002143775904022
2024-04-11,-0.0020411390531360762,-0.0031640563202025573,0.005270092226613787,-0.007478834276737012,-0.0006434546364481042
2024-04-12,0.0011285906238260868,0.003015394381844283,-0.008519003931847902,-0.008209780469451533,0.002003147803691485
2024-04-15,-0.004022302990443816,0.0012658227848101333,-0.003569068076669013,-0.0029428492063672262,-0.0007139797229758216
2024-04-16,-0.01614606180537259,-0.015486725663716894,-0.019103210400636783,-0.01708981700400769,-0.0005001428979709566
2024-04-17,-0.006824445073947749,0.0003210272873195308,-0.0017581823099810379,-0.007710448587208485,-0.0002859389520336597
2024-04-18,0.007301298586424476,0.004332477535301749,0.005419319875355599,0.006198542107253013,-0.0005720414730067125
2024-04-19,-0.003761726113639452,-0.0015976993129893646,-0.009163185554507347,-0.00800687640235842,0.00014309222293751311
2024-04-22,0.00536278839623594,0.008321331413025934,0.005711954304365552,0.0037550268213641935,0.0007153587524142413
2024-04-23,0.009042264695616975,0.010474527852721849,0.007302231237322321,0.022340176203769158,-7.148473800833166e-05
2024-04-24,0.00014309461795658507,-0.0032982566357782073,0.004698617264062399,-0.004664634667412959,-0.0009293680297397522
2024-04-25,-0.008954716039752064,-0.006303183107469246,-0.003607696419027362,-0.006816884970829773,-0.0005008944543827276
2024-04-26,0.011335437249259783,0.01205201395496358,0.016494568861472603,0.009964474610356211,0.0005727376861395239
2024-04-29,0.0023578599512219522,0.0009401441554373058,0.0068601583113456766,0.016336282535878377,0.001287922152261034
2024-04-30,-0.005191576729693614,-0.00720100187852224,-0.005372117400419207,-0.009308647890637123,-0.0015006431327712066
2024-05-02,-0.009865909579777066,-0.002207505518763808,0.014227374522460812,0.007503377502132702,0.0007872325198599039
2024-05-03,0.0032725177644237213,0.006005056890012517,0.006364462917262115,0.007607226246122867,0.0017162471395881784
2024-05-07,0.012884663695557075,0.016808042726987216,0.0005162622612286949,0.012211362465597508,-0.00035693889206178664
2024-05-08,0.0018479208964847782,0.004016684690251626,-0.0009029927760576539,-0.008019562904793331,-0.0002142398057559669
2024-05-09,0.002288725510410927,0.0024619172180337934,0.00012911555842465283,0.004007659644645001,-0.00014285714285722229
2024-05-10,0.005767384141020626,0.007828089025325946,0.004776658920733423,0.0045393834297857705,0.0004286326618088143
2024-05-13,0.00043906194408172006,0.00015229972586050522,0.006424257998201233,0.0036339464964718626,0.0002142245072835891
2024-05-14,-0.0026376587708115684,0.001522765341860799,0.00038299502106475813,0.004480185176592988,-0.0003569643749552487
2024-05-15,0.0038209755597609085,0.006233845218184708,0.0059979581419091765,0.014271037364144368,0.0015712041136979327
2024-05-16,0.001991594277366726,-0.011483831973405967,0.004059368260814544,0.0004066178033732548,0.0002139189960068677
2024-05-17,-0.0030383612528604997,-0.0025985937022318106,0.004295641187618271,-0.0023112773119425833,-0.001853568118628468
2024-05-20,0.004401451107353127,0.0036781609195402076,-0.002138633790413902,0.005905744015432202,0.0006428112277694353
2024-05-21,-0.0027793082162334004,-0.0024431210871888043,-0.00655572365103374,-0.008911817934293076,7.137758743769318e-05
2024-05-22,0.000984791983691169,-0.00290831164855343,-0.0002538071065989467,0.005067419833421516,-0.0004282349582470646
2024-05-23,-0.007675663304028357,-0.0004605465151980015,-0.004061944656004179,-0.008602514373268422,-0.001071046054980429
2024-05-24,-0.002722076336478141,-0.001075103670710953,-0.003696150904919593,0.0032078242231217136,0.0003573981415294636
2024-05-28,-0.006541535757087158,-0.00261377613776137,-0.0021747473455290267,-0.0038618040341902304,0.00021436227224014281
2024-05-29,-0.009002455829537848,-0.010328349005703785,-0.011923076923077036,-0.01197699787320694,-0.0003571938848405676
2024-05-30,-0.000552251444310814,0.0059190031152647204,-0.005190086933956062,0.011181956296589357,0.0005002501250623848
2024-05-31,0.003085210144690098,0.003096934035305088,-0.01643406808399639,0.0009213894934607669,0.0004999999999999449
2024-06-03,2.987238343399312e-05,0.004167953071935626,0.01299562392255682,0.01026307676667737,0.0007139287499107194
2024-06-04,-0.004637620546814714,-0.004765564950038437,-0.016756119910983136,-0.009603082859284129,0.0009274452450598325
2024-06-05,0.009679613183516844,0.010349088662341632,0.02063639994674471,0.00856590022620507,0.0011404133998573762
2024-06-06,0.0013090156942823228,0.005962391071701489,0.004826506652752416,0.0008105875370572058,-0.0016374768617400948
2024-06-07,0.003532042305925298,-0.0016717325227963986,0.0016876541607164786,-0.003352083069674494,-0.0007844255865363525
2024-06-10,0.0002994755153657991,-0.0025879129243416843,0.007776049766718529,-0.001421302708806027,-0.0010705109905795318
2024-06-11,0.002140174934387451,-0.008547008547008628,-0.008359053497942415,-0.003969991168649267,0.0012145459741372822
2024-06-12,-0.0011556765420733806,0.008620689655172376,0.0068732978861367755,0.01734359949009212,0.0011417154274298014
2024-06-13,-0.0008317014549523716,-0.01098901098901095,-0.005667181865018023,-0.014178199636804556,0.0009265858873841459
2024-06-14,-0.001475346651944931,-0.010339506172839519,0.010492227979274737,-0.010126425190915889,0.000498468988108014
2024-06-17,0.001352958405762994,0.0009355995633868464,0.0007691321625431513,-0.0018695561964814367,-0.001352313167259811
2024-06-18,0.00770602602813697,0.005608350210313029,0.009991033687716255,0.009835681757067505,0.001639227424987455
2024-06-19,-0.0034285719128849257,-0.0017041053446940069,0.009258084971464964,-0.00028577535545681876,0.0
2024-06-20,0.005662920740999278,0.00915580384854131,-0.0033928122643880343,0.0018291384314961245,0.0001423082396472264
2024-06-21,0.0044042155004926364,-0.008611410118406937,-0.0026478375992939895,0.0010985022763050356,0.0005691519635742104
2024-06-24,0.0037285544065843723,0.008686210640608039,-0.00025284450063201014,0.010355334162659657,0.0001422070534700115
2024-06-25,-0.008283562817223422,-0.0012302014454866894,-0.006575619625695417,-0.0034391821657124844,7.109341674960135e-05
2024-06-26,-0.0026693565005626585,-0.004464973056197197,0.0010183299389001643,-0.00975996063286566,-0.0001421767256698514
2024-06-27,-0.0013797214465969265,-0.004794308691617677,-0.0006358087487283726,0.00032193437867045205,-0.0005687877710630618
2024-06-28,0.004414511094568363,-0.002331002331002252,0.0053441913729481705,0.004872013205435399,0.00042683360603268383
2024-07-01,-0.010493711975929854,0.003426791277258534,-0.0020250601189724105,-0.00609220409067901,-0.0005688686624474304
2024-07-02,-0.000598119985159018,-0.0038807823657249774,-0.0022828154724159333,0.0009675106554933866,0.0
2024-07-03,-0.003342096001295869,0.0059217702976468445,0.011185966696326322,0.005394613950150617,0.0005691924581998631
2024-07-04,-0.0003379711749476044,0.006041828040278974,0.002891263356379792,0.0022356432235650647,-0.00042665149683573933
2024-07-05,-0.005143639265965949,-0.0015398829688942905,-0.0026322386563049083,-0.001186641867296001,0.0014227786867753167
2024-07-08,0.004201325833006919,-0.0006169031462061048,0.004398642704537048,0.004805471329763389,0.0004972650422674363
2024-07-09,0.0004767068005255837,-0.00925925925925919,0.0021271271271270376,-0.004174458714737206,-0.0002130076682760329
2024-07-10,0.0008753967956121045,0.00981308411214954,0.0038706455237857984,0.015719831545661922,0.0004261061004189326
2024-07-11,0.014941987549782265,0.004627487274409869,0.004850746268656669,0.022013584858598945,0.0021296230567189323
2024-07-12,0.007137801877090233,0.009058805465991249,0.0032182200767421065,0.012756769231660137,-0.0005666926400792471
2024-07-15,0.0019237758977372899,-0.01080340839926952,-0.009500308451573014,-0.0025643049816748142,0.0004252604720391684
2024-07-16,0.010599365555553186,-0.0021535148438701635,0.0,0.0053122609992097836,0.000708466170740385
2024-07-17,0.00039798968059989726,-0.0052412517342377285,-0.014698555057299556,0.0009725342891784283,-7.07964601769362e-05
2024-07-18,0.0009482152165289914,-0.002789400278940146,-0.007332490518331181,-0.006034914722801599,0.0011328235627301453
2024-07-19,-0.014610803318881982,-0.006837606837606813,-0.007641365257259225,-0.013259065057388386,-0.0003536067892504491
2024-07-22,0.0057709953369800004,0.00954467219527455,0.0026950718685829766,0.007654318389418435,-0.0009197028652281336
2024-07-23,0.0017245590118843968,0.00046497210167384395,0.0011519262767183402,0.009444873784513197,0.000495680498513007
2024-07-24,-0.004820907592591128,-0.005422153369480931,-0.01035540782408595,-0.00014402392354984084,0.0010616462594663645
2024-07-25,0.00020524543922850746,-0.007165109034267925,-0.007621754295310756,-0.002075442690785745,0.0
2024-07-26,0.00626947220737728,0.008785691873234969,0.004425930747201212,0.0024237091691714507,0.0011312217194570096
2024-07-29,0.004436459933341075,-0.002177293934681246,-0.0009072058061170285,-0.0018108361294343345,0.0
2024-07-30,0.0052730286903384105,0.0029613466334164062,-0.00012971851083154462,0.004062046252211182,0.001129943502824915
2024-07-31,0.010706168814431205,0.009324009324009452,0.021017125064867637,0.008060078608769006,0.0011992099322799543
2024-08-01,-0.014778974129381894,-0.014010777521170081,-0.009402795425667243,-0.024555501084019826,0.00035228633833561673
2024-08-02,-0.03458366125890899,-0.02467207995003129,-0.037455105182144566,-0.03569764657894914,0.0016903789266093927
2024-08-05,-0.014886049777575572,-0.022094140249759864,-0.031050106609808226,-0.028554860726430875,-0.0004218815918999308
2024-08-06,0.007848122068127683,0.003929273084479323,0.00825195984046223,0.002788910549543555,0.0
2024-08-07,0.010504606963279706,0.015166340508806275,0.022370754330923504,0.016386954208118087,-0.0009848058525604442
2024-08-08,0.0003237517070744378,0.0016064257028112205,0.00867244829886582,0.006072909157486928,0.0007041261794114018
2024-08-09,0.00014680847393000462,0.0054530874097833415,0.0030423280423281795,0.008356855362278814,0.0007036307345904547
2024-08-12,-0.0038029894390360086,-0.0007975753708725497,0.006857444283265179,-0.0037104619685899287,-0.0007734495851496881
2024-08-13,0.0038135280271704985,0.00606641123882512,0.003012442698100859,0.010958451741117203,0.001618464569699496
2024-08-14,0.0011772981384055026,0.0044430339574736966,-0.007312614259597838,0.002794648473734007,7.025432064056147e-05
2024-08-15,0.017626354627610752,0.013744075829383862,0.015785319652722896,0.018649126500923652,-0.0014752370916755186
2024-08-19,-0.001251140100703041,-0.0012466884837151193,0.012691012691012693,0.012578845703809627,-0.00014070634585605646
2024-08-20,-0.0045136360744012505,-0.005461070369792487,-0.010230179028132946,-0.0012274573738961791,0.0009147199549675022
2024-08-21,0.005295695410247658,0.003294634452463141,0.0012919896640826156,0.008308622062799031,0.0008435852372583597
2024-08-22,0.0007478257386752674,0.0037529319781077763,-0.006838709677419397,-0.0024502229460513503,-0.00028095806700845216
2024-08-23,0.005009627228624858,0.0046736251752608204,0.007015720410549653,0.018015934207874285,0.0008431110798845509
2024-08-27,0.00036357984236268237,0.001240502403473398,-0.006579796155334883,0.0036957920167546288,-0.0009828009828009021
2024-08-28,0.0027604399098357657,0.0035620257085333673,0.0005194805194805863,0.004064370732194789,0.0005621530461668023
2024-08-29,0.010811998517131105,0.008024691358024638,0.008437175493250182,0.0057660284912135484,0.0009129854624623235
2024-09-02,0.006433649878279102,0.0007654623392530091,-0.0036040674475479317,-0.00025900378630983045,-0.0009823182711199419
2024-09-03,-0.004775478623386342,-0.009484472999847116,-0.009947035266761328,-0.00903748023663109,0.00014046916701793144
2024-09-05,-0.020063119798019002,-0.015752895752895846,-0.008872651356993777,-0.006684468127747256,0.0025983146067416474
2024-09-06,-0.007351174334122801,-0.010356190177310487,-0.014876250658241164,-0.015519220764204977,-0.00021012817818866214
2024-09-09,0.012073961581287929,0.008561915332170544,0.008552719497527672,0.010132353747630773,0.0007706319181728372
2024-09-10,0.0015742822307187598,-0.005659487501965099,-0.003047568570292869,-0.006556103059482399,0.0013300665033251224
2024-09-11,-0.011239016306715977,0.00015810276679828483,-0.0006645401382242566,-0.0073817009873571315,0.00013982102908283167
2024-09-12,0.012553351701851012,0.008061966487511896,0.0023939353637452143,0.017022244732329828,-0.01467915559904931
2024-09-13,0.008215641416854824,0.0068997961423864496,0.005705187740480122,0.01346072428504752,-0.0002128263337116687
2024-09-16,0.0018837736191705812,-0.0020246067590716788,-0.0034300791556727273,0.0053264086379061215,0.0006386149152062259
2024-09-17,0.010200129465091079,0.0037453183520599342,0.005559968228752821,0.004834819812679525,-0.0010636789107928424
2024-09-18,-0.003879581069576088,-0.005286069651741276,-0.0035545023696681444,-0.0032199956036486066,0.0005678994817917005
2024-09-19,0.0057098195320102185,0.01391059706158182,0.014136609855991633,0.016366421111466467,0.0
2024-09-20,-0.0050192014844681054,-0.015415446277169842,0.0013027618551328946,-0.011261699202289921,-0.0004256828662646539
2024-09-23,0.00788130365060069,0.004853608893064187,0.011839708561020013,0.01703952038327139,0.001419547164454693
2024-09-24,0.0005278455790633796,0.008258024306637468,0.0232737559470233,-0.005961464680110384,0.0017010418881564515
2024-09-25,-0.004253854721691153,-0.0009272137227629429,0.0017592359889420095,-0.00772447646988228,-0.0009198330149298162
2024-09-26,0.0017708642839495692,0.012064965197215782,0.027220270948319136,0.012591008125997671,0.001345609065155795
2024-09-27,0.009901307800933346,0.005502063273727709,0.00512883135914044,0.01039450521829166,0.00014145271942855864
2024-09-30,-0.004668922373222584,-0.009423924608603196,-0.011298748633216005,-0.009081442457851807,-0.0004950144968530745
2024-10-01,0.00593428811772001,-0.004296455424275036,-0.0033177684934873053,-0.005596381887578716,0.0008490165558228124
2024-10-02,0.0016432417168055213,0.001386962552011095,0.02428800394525954,-0.0019200261878971059,0.00021207408454682053
2024-10-03,-0.0035989995423841847,-0.009233610341643717,-0.007462686567164201,-0.019662391132759915,-0.0006360873559969615
2024-10-04,0.007541309036020127,0.003883193538365859,0.012127091923356703,0.01640953552002844,-0.0015558698727015097
2024-10-07,-0.00015568449903125003,0.0017019959771003013,0.006949436855979041,-0.0052019918910772844,-0.0004958209378098655
2024-10-08,-0.0005001745774738664,-0.005406240345999347,-0.020942408376963373,-0.008240932056292949,-0.000283466798951304
2024-10-09,0.006948944400722024,0.006678055598695387,-0.000729217306757457,0.005998912106221166,-0.000425320762741932
2024-10-10,0.00215278000698782,-0.001697007096575165,0.00024324981756262964,-0.003086662381061034,0.0015601730373733247
2024-10-11,0.006717794279432976,0.005099675475197296,0.005350194552529386,0.015880873272248186,-0.0005664518869927804
2024-10-14,0.007877992977340043,0.005842558425584121,0.0013304305757135815,0.006485865509338051,0.0001416932341480326
2024-10-15,0.005906450677338082,-0.00871293182513,-0.017151829931151163,0.008133024499440644,0.00014167316001989505
2024-10-16,0.0006272057915930329,-0.0009252120277561948,0.008479783704067767,-0.008634406929012406,0.0008499185494723616
2024-10-17,0.004009277271498357,0.00679117147707986,-0.002802827199610114,0.003361179700150041,0.0007784304012454779
2024-10-18,-0.0016637082128412306,0.002759466503142516,0.009898570206525736,0.0019048694393695165,0.0007071135624383551
2024-10-21,-0.004725817668729926,-0.00672680018345817,-0.009801548886737677,-0.01220861197452694,-0.0012012436404749138
2024-10-22,-0.0013633575886033977,-0.002308757888256241,0.002077477697665975,0.0009497853555202607,-0.0002829854969932377
2024-10-23,-0.003877681253947607,-0.0037025609379820468,-0.001097560975609757,-0.009431209310294841,0.0010614960016983588
2024-10-24,0.00036494121125763,0.001548467017652655,-0.0072030277133439125,0.0016890670948253028,0.0003534568075780342
2024-10-25,0.0007142607850672,0.0,0.004672897196261738,0.001501236126534966,-0.0007773302240123847
2024-10-28,-0.00022076437866680454,0.0037105751391464104,0.0014687882496939864,-0.00019079836574820153,0.000990099009900991
2024-10-29,-0.0006439108724386466,-0.00600739371534198,-0.0008555365436322404,0.0015475059858054419,-0.0012717253073334378
2024-10-30,-0.008544315454987128,-0.012552301255230214,-0.014801223241590167,-0.0023606318298474704,-0.001697792869269965
2024-10-31,-0.006012088028644391,-0.012084118016321366,-0.010677924012912787,-0.018292597749365203,0.00014172335600903807
2024-11-01,0.0002112943624641428,0.011119936457505863,0.011044176706827225,0.004424413304983776,0.0005668130933824678
2024-11-04,-0.00228458499586337,-0.004241948153966946,0.001489572989076482,0.0039374036130814805,-0.000495680498512896
2024-11-05,0.0010861634118275454,0.0007888923950771787,0.004090233019335532,0.009674738272845707,0.0001416932341480326
2024-11-06,0.041381850162534484,-0.0047296232066844635,0.003209480311072488,0.014460198348148934,0.0005666926400793582
2024-11-07,-0.0011019900781066294,0.0052273087280214625,0.017103482219761323,0.01844166044551665,7.07964601769362e-05
2024-11-08,0.011996119155746277,-0.006303183107469246,-0.018146624727800598,0.0026655853597905566,0.000707914483930594
2024-11-11,0.014656589655860808,0.010941960038058918,0.0030803351404633528,0.015397121667713565,0.0009196378041878006
2024-11-12,-0.006201108436492131,-0.020235294117647018,-0.016705564426974573,-0.02554666109151227,0.0
2024-11-13,0.00730212576585032,0.00032020493115592075,-0.002748282323547735,-0.008483099394013371,-0.00021202911866569085
2024-11-14,-0.004534956887147001,0.005921895006402167,-0.0010021295252411466,-0.0014528934272364236,0.0017672840378906152
2024-11-15,-0.011635142965507828,-0.007478122513921992,0.00025078369905950915,-0.019055314388973232,-0.000705666502011093
2024-11-18,0.00029889049620823727,0.0001603077909586581,0.006268020559107468,-0.00307560124611872,-0.0004943153732082095
2024-11-19,-0.0014501180131358815,-0.0016028209648982772,0.0006228977201943042,-0.007230756867700472,0.000706514059629848
2024-11-20,0.0008169660812376023,-0.0025686305988119607,-0.0004980079681273786,0.010230248515057383,0.00021180457497882443
2024-11-21,0.02293061962337828,0.005311443746982114,0.00261584454409558,0.016477074187370988,0.0001411731488671908
2024-11-22,0.015483788026914302,0.012487992315081575,0.008696732513355787,0.006081324513092401,0.002046721716423061
2024-11-25,0.002906701958879321,-0.0006325110689436864,-0.005788890257420798,0.01538040767738691,-0.0004930271869276748
2024-11-26,-0.0010490381370821256,-0.004746835443038,-0.0027254707631317876,-0.004130574528262931,-0.000845606370234675
2024-11-27,-0.005350940422354622,-0.002702702702702675,-0.008944099378881964,-0.0017084667132309939,0.0006347415191481076
2024-11-28,0.0017720846562157,0.004622987406344814,-0.0031336174479819068,0.0013264920132183278,0.0011277135607554722
2024-11-29,0.0020434394481805285,0.00587115201523325,0.007670061611970258,0.014089309917303616,0.0009856378484935924
2024-12-02,0.001898745342496344,0.006941157911342533,0.008859495882206136,-0.0027714602278520184,0.000844000562667091
2024-12-03,-0.00624151459041733,0.003603321322262376,0.0004947433518862621,-0.007101087254555161,0.0
2024-12-04,-0.0021794945129245402,0.005151420543240581,0.0003708740264556365,0.004625137251875078,-0.00028109627547445726
2024-12-05,-0.007217118363076147,0.0023295542786148093,0.00407810182896684,-0.001557249536478622,0.00014058765640379
2024-12-06,-0.0014873483223701855,0.0015494267121163308,0.0007384615384615767,-0.009844377308404373,0.0002811357885859067
2024-12-09,-0.0033689658372324516,0.0021658415841583345,0.021768540154962546,0.007747504450847709,0.0003513209668353223
2024-12-10,0.0022041000756638507,-0.005402902130287046,-0.01311988444872414,-0.010185127824795304,0.0005619161340169043
2024-12-11,-0.0020780914131123263,0.0027937296290547753,0.0028052201487986927,0.006726191816755378,0.0002808002808003529
2024-12-12,0.0007766281277992171,-0.0021668472372697867,-0.003405497445876926,-0.013787405617327164,-0.0016843287248228256
2024-12-13,-0.007229681158982815,-0.0037226617031176357,-0.002196729314132173,-0.018832132332102014,-0.0007029876977152627
2024-12-16,-0.0019580001456422913,-0.0014012143858010973,-0.00354696673189836,0.010715147285902837,0.0
2024-12-17,-0.008195103533127468,-0.00374181478016844,-0.004418804467902326,-0.013433057457039599,0.0009848751319028182
2024-12-18,0.002511662595038544,0.001877934272300319,0.0014794723215387773,0.004277270319247517,-0.00021083702298119178
2024-12-19,-0.026388630383161416,-0.016869728209934376,-0.006524682998892084,-0.038255522453421786,-0.000562350625614938
2024-12-20,0.00958299019944353,-0.006037496027963107,-0.0023543990086740685,0.010914453024344795,0.0004923336615556551
2024-12-23,-0.001766300538371457,-0.002877237851662384,-0.0008694572102845299,0.00508983325885648,-0.0005623901581722768
2024-12-24,0.004503126366428578,0.005771080474511026,0.011312779711586174,-0.0001688860695573391,0.000140676654709182
2024-12-27,0.0005647363695382435,0.002868983104877376,-0.014751075599262253,-0.0002670224500888052,0.0
2024-12-30,-0.006406545052105583,-0.004450095359186279,-0.005489706799750582,-0.008594994536582856,0.0007736127716435615
2024-12-31,0.0049359293496735734,0.0055874840357599265,0.0023836406975286106,0.010387487256047212,0.0
2025-01-02,0.012029296660091449,0.007937767899666603,0.013892365456821043,0.0023140474181064796,-0.00021082220660573192
2025-01-03,-0.004314441214159692,-0.005355174043156441,0.0,-0.0022732857958073227,-0.0007028888732693028
2025-01-06,0.003032178848433542,0.010609659540775862,0.001357857054684608,0.005805699075919879,-0.001125413237673234
2025-01-07,-0.0035542638748898847,0.001566906925728695,-0.006040433925049382,0.001400219697729188,0.0002816703049082214
2025-01-08,-0.002931706743508511,-0.00031289111389243285,-0.003968746124271227,-0.013735647360900827,0.00042238648363257525
2025-01-09,0.0037604228119973993,0.0046948356807512415,0.0,0.008461003840286807,-0.0005629441981565009
2025-01-10,-0.007804930501456031,-0.007788161993769416,-0.010708504544888586,-0.02997985524384672,-0.0008448919242414199
2025-01-13,0.00501067817565537,-0.005494505494505475,-0.004908747640025135,0.004715993598234602,-0.0007046719751955255
2025-01-14,0.0015701218575234765,-0.0014206787687450761,0.0036681001770806354,-0.003891251751810265,0.00021155066638467446
2025-01-15,0.013806289196541366,0.014226999683844443,0.009955891619407797,0.020580021374052127,0.0017625493513817592
2025-01-16,0.005811699585372754,0.010130922693266875,0.004242575492887424,0.008243114943152552,0.0007037792948130228
2025-01-17,0.008469940919207053,0.005863292701743461,0.008946322067594492,0.012636125261553888,-0.00021098530135732485
2025-01-20,-0.008159295492171204,0.0015339776039271502,0.001847290640393906,-0.0023593627692428676,-0.00042205965109731736
2025-01-21,0.0073950668737354786,0.00352274467759206,-0.00725261216963724,0.011682386820641932,0.0009148486980998793
2025-01-22,-0.0005885353317375275,0.004273504273504258,0.0017335314512134659,-0.007635026781529719,-0.0007733952049496784
2025-01-23,-0.00017318873747840247,0.003495440729483379,0.0004944375772557574,0.01689962692113367,-0.00014072614691817975
2025-01-24,-0.005785268925958098,0.0,0.0011119347664938495,0.0002427203650867682,-0.0002814919071075783
2025-01-27,-0.0046054788505972555,-0.00030289262456451027,-0.02060965074663712,0.005668292701447086,0.0012670702520063415
2025-01-28,0.005099321289112391,0.003332828359339457,0.006174395161290258,0.011386803911603405,-0.0002812148481441401
2025-01-29,0.002600834999477719,0.005284614223161732,0.01490294301815931,0.002186732355027976,-0.0001406469760898421
2025-01-30,0.0028112841630902885,0.008260738960648828,0.012462981243830162,-0.000937034949293869,0.0006330004220003183
2025-01-31,0.005676858318313327,0.0014896469536720414,0.003534430225472285,0.0009950774540905538,0.0019680888451536482
2025-02-03,-0.004751232948250417,-0.00788338539342559,-0.005708039834831147,-0.013176663218696927,0.0005612065941773547
2025-02-04,-0.005683107355927031,0.0028485757121439192,0.008916575058018683,0.012802562214260238,0.001121783635981144
2025-02-05,-0.002961674785203039,0.004335476154881279,-0.007869249394673039,-0.0005585485547665581,-0.00028013166188101124
2025-02-06,0.00606534257360436,0.011312890741291826,0.006101281269066394,0.007507619148030997,0.0
2025-02-07,0.0013517364115884778,-0.004857226964969041,0.005215281989084275,-0.007997667045046453,0.0
2025-02-10,-0.0016428750861603447,0.006507913030616708,0.011221042471042608,-0.0030012625722608544,0.0001401050788092384
2025-02-11,-0.0011290862943095226,0.002792064658339477,-0.0036988426202123614,0.00035278682294248576,-0.00014008545212584878
2025-02-12,-0.009151218002278694,-0.00014654161781935127,-0.003592814371257469,-0.011926236835327897,-0.0010507880910682887
2025-02-13,-0.0005666060474417423,0.010112853583467585,0.0012019230769229061,0.015335878741938647,0.0005610098176718203
2025-02-14,-0.0009860080171042451,-0.0030470110272781126,0.002160864345738478,0.013415321857923379,0.0006307821698907645
2025-02-17,0.003111778455898273,0.005967108135642718,0.011260182079539938,0.014424988493793478,-0.00035021363031462194
2025-02-18,0.005709383436142357,0.0028935185185183787,0.005685856432125158,-0.005687370055223351,0.0
2025-02-19,0.005364520237293169,-0.008222735141373283,0.0005889281507656108,-0.0037717448330454317,-0.0009809417040357316
2025-02-20,-0.011111286586457103,-0.0017454545454546055,0.0014125956444965837,-0.0012874761623760111,0.000350680319820329
2025-02-21,0.00047480493433127435,0.005099810578464314,0.008698718702245367,-0.006433470005566044,0.0014022295449767075
2025-02-24,-0.005213523206902937,-0.0004349086691795012,-0.022491551101270324,0.001253153226139947,0.00014002660505485487
2025-02-25,-0.008981804440902463,0.0010152284263957867,-0.0066762041010968165,-0.018095631593861627,0.0005600280014002035
2025-02-26,0.009665140110837411,0.009852216748768683,0.01752280364858394,0.01842070068514645,0.0003498215909885083
2025-02-27,0.00230410014106619,-0.004447632711621297,-0.0086105213493749,0.00730468186924127,-0.00020981955518251105
2025-02-28,-0.004006771109502649,0.0008646779074794608,-0.022486615110053565,-0.013750537653986594,0.0013291360615599324
2025-03-03,-0.0007901543565601576,0.010943124550035765,-0.0024342745861734016,0.015049041655627038,-0.0006986167388570719
2025-03-04,-0.036219131876900734,-0.020509898874804144,-0.016471449487554857,-0.03844414973776333,-0.00013982102908260963
2025-03-05,-0.02063602617538174,0.006252726479569759,0.008559732043170731,0.0003720990324194151,-0.0033561739616838615
2025-03-06,0.004657855728071647,0.00014450867052007155,-0.0007380073800737907,0.01186796198680562,0.0005612459660446767
2025-03-07,-0.012485257724708876,-0.004045658141886843,-0.006646971935007295,-0.018514690446616577,0.00035058196606363445
2025-03-10,0.0055689035799530995,-0.013201798926447239,-0.014250309789343274,-0.010561863636678104,0.0008411018434149042
2025-03-11,-0.027771848151109446,-0.016906792119964598,-0.00716530483972333,-0.008746244943449333,-0.0006302962392324973
2025-03-12,-0.0018113463740575542,0.007626738447734205,0.00860977462648771,-0.00020126788757979241,0.0006306937631395115
2025-03-13,-0.0037019302545726607,-0.0010388839418223883,-0.002761737383881524,0.00432977819554492,-0.012745990615589231
2025-03-14,0.010312950402421972,0.011291041450007366,0.013972809667673669,-5.327641339314404e-06,-0.00028374831524435873
2025-03-17,0.009895219290550594,0.008667548112237355,0.013159528243327223,0.015253423934810328,0.0006386149152062259
2025-03-18,-0.004873047924936591,0.00538887270608801,-0.0014704080382306195,0.00027173984895534353,-0.0006382073464756832
2025-03-19,0.011234128547299882,0.0020281037230189813,0.004417719965639888,0.00960010672037237,0.0004967004896048177
2025-03-20,0.002688720292903346,-0.00433714037877686,-0.005497861942577731,0.004916687082942017,0.00035460992907809796
2025-03-21,-0.003499451051291236,-0.004936837519965209,-0.00012285012285018215,-0.0003770444466291156,0.0007089684509038463
2025-03-24,0.017285246312474634,-0.0013132934481249192,0.007617643445140709,0.002636972698362605,-0.0002833864682960652
2025-03-25,-0.0022592842545262615,0.006428988895382792,-0.002560663333739832,0.016273090048042338,0.00042520019842662293
2025-03-26,0.0025394377464709184,-0.006678281068524861,-0.003056234718826434,-0.02136199455069754,0.0005666926400793582
2025-03-27,-0.007384126173540895,-0.003361590178310503,0.005027590435315643,0.014376896111064408,0.000707964601769806
2025-03-28,-0.016855619277617362,-0.00762575157647738,-0.023548072230356154,-0.02508386352213443,0.0008489564909799352
2025-03-31,0.0012715621222698648,-0.015516477020836361,-0.006497563413719765,-0.004459173150853979,0.0003534318230014044
2025-04-01,0.010307857746438831,0.01140798558991274,0.01157087158847947,0.00938237332991787,0.00021198417184842278
2025-04-02,0.0023683650552588364,-0.0044523597506678225,-0.005843590699987744,-0.0016461479793565825,-0.0011303426351114698
2025-04-03,-0.05825694089042521,-0.026237328562910056,-0.03464232116058019,-0.02279069275122858,0.002263243510856716
2025-04-04,-0.03629571720873137,-0.05036742192284127,-0.052986138100790336,-0.05924455633757775,0.001623032954625625
2025-04-07,-0.03698711237867869,-0.04384975012090919,-0.037209302325581395,-0.06120398042173314,-0.0021840214175004036
2025-04-08,0.024768191242811044,0.027482717922778566,0.018755328218243994,0.02955172979334475,0.0021888018075266746
2025-04-09,-0.0339673852352772,-0.03610108303249093,-0.038633193863319315,-0.03857366554208741,7.045230379021383e-05
2025-04-10,0.01913822497617934,0.03711270003404832,0.041926592194980294,0.05228776324655304,0.001127157449806404
2025-04-11,-0.01710768770106008,-0.00032829940906109467,-0.0018100807574491506,-0.013961945311632085,-0.00014073604953912522
2025-04-14,0.03285075267311055,0.026436781609195492,0.02301576230994562,0.04569482119197121,-0.00021113378844395125
2025-04-15,0.009952255086847162,0.01679731243001137,0.007635669484592267,0.01692055358736244,0.0007039279177811775
2025-04-16,-0.011638525969287272,-0.0022026431718061845,-0.011637347767253003,-0.013134162021296136,-0.001266178953292063
2025-04-17,-0.0038821930110747305,-0.0025228634500158442,-0.0017798466593648143,-0.006076826541012603,0.0010564868291309537
2025-04-22,-0.012117013255141473,0.0053746443250080045,0.005760526676724664,0.019607818075435324,0.0002110743685359573
2025-04-23,0.029939357866783034,0.017924528301886733,0.024137460793672405,0.022833663793073056,-0.00021102982554865868
2025-04-24,0.007436926540565381,0.004170528266913998,0.005326231691078709,-0.007273082668789677,0.0021107436853584627
2025-04-25,-0.002483071051442076,0.004153207198892339,-0.001986754966887494,0.009882161127422018,-0.0011233588429403474
2025-04-28,0.0028901579410194334,0.004595588235294157,0.001990710019907249,0.0007779036094346381,0.00035144443663437386
2025-04-29,0.003165459342047816,0.003202195791399909,0.00437086092715222,0.01953696176218478,-0.000632377740303558
2025-04-30,0.0030309677239168664,0.005927952576379347,0.0038243439272056534,-0.005970217059036553,0.0009140125149407208
2025-05-02,0.02104301604115255,0.01828346932608027,0.029558591697320002,0.020759437573988793,-0.0005619556055072028
2025-05-06,-0.004826697908921207,-0.0002967799376761837,0.007017991578410099,-0.005743778136900302,0.0004919876300253367
2025-05-07,0.0018180108263989858,-0.004601454653406556,-0.00950329447541809,-1.8516706409177353e-05,-7.02493853178554e-05
2025-05-08,0.02036252314073206,0.005219206680584509,0.0028143789177432765,0.008715672554709064,0.0003512716032034735
2025-05-09,-0.001179339365783405,0.0038569945112001403,0.005868095420334063,0.002278152444642023,-0.0010534447643794076
2025-05-12,0.033842741654711794,0.013595389389685186,0.03398858592263809,0.016341803215901063,-0.0009139482564679557
2025-05-13,0.006508937772477852,0.0001457938474995757,-0.0022077762786705257,-0.0002911056366793341,-0.0007740482724650777
2025-05-14,-0.011227842958594914,-0.00160349854227404,0.00835894283958205,-0.005278603701979412,0.0004929577464787283
2025-05-15,0.004651101455203532,-0.0043802014892684316,-0.0035352919663538263,-0.003914679048548808,0.0011262053917082682
2025-05-16,0.011072105973016999,0.005132717407244636,0.002569121605089375,0.013109795904303834,-0.0005624692399632814
2025-05-19,-0.005541544097409923,0.002188503063904168,-0.006467358145210489,0.005512397862170504,0.001195919803024914
2025-05-20,0.0016406446357077886,0.006114427136409972,-0.002210759027266085,0.010808083559822101,-0.00028105677346823565
2025-05-21,-0.01907091979466924,-0.0010128780205468368,0.0,-0.0020610499045443653,-0.0007028394714646558
2025-05-22,-0.012271424453851432,-0.0055040556199306145,-0.006646971935007295,-0.016932548384957613,0.0007033338022224278
2025-05-23,-0.010946887445453357,-0.00815613166326834,-0.0019826517967781454,-0.0030119639534553766,0.0011948271014898815
2025-05-27,0.020036568003368505,0.013215859030837107,-0.0016141047926497842,0.010087827726005694,-0.00014040014040006543
2025-05-28,0.0013127667877586013,-0.006666666666666599,0.00012436264146264975,0.009537286308779702,-7.020992768391743e-05
2025-05-29,-0.01146932391053046,-0.0010213014298221523,-0.0017408604824670215,-0.013145087180368886,0.0002808594298555622
2025-05-30,0.003686745737070618,0.0007302468234262616,-0.011709018435475782,-0.00428250779734074,-7.019514249628767e-05
2025-06-02,-0.012745550051670551,-0.0007297139521307283,-0.004411394000504276,0.008951185175571919,0.0007722007722008595
2025-06-03,0.01821744713196982,0.0008762961881116915,0.011393847322445971,0.012002406404971744,0.00021043771043771642
2025-06-04,-2.976492880335524e-05,0.006712388734860575,0.008887219927400158,0.008923916507804774,-0.0009818360333825327
2025-06-05,-0.004136646462179594,0.0007247427163359355,0.006947890818858493,-0.0038800958231237637,-0.0007020007020006602
2025-06-06,0.007433452807676266,0.0031865585168018296,0.003203548546081958,-0.0002986929983441744,0.0007024938531787761
2025-06-09,-0.0013133240252489742,-0.0012994513427664334,0.008351756325227111,0.00235908769437021,-0.0002808002808002419
2025-06-10,0.004715508797895618,-0.0007228567297961064,0.003532277710109666,-0.003274063001420746,-7.021978793619876e-05
2025-06-11,-0.002938118967137582,-0.0027488425925925597,0.003155722781891024,-0.0048904604077585345,7.02247191011196e-05
2025-06-12,-0.01140876203057739,-0.003191643696503932,-0.014640048396854288,0.0006822553093359662,0.000912857243171139
2025-06-13,-0.003712198214259499,-0.008150196477950677,-0.013384086444007903,-0.0030350397401200935,-0.0011224919320892424
2025-06-16,0.002410115422349257,0.0030814380044019707,0.012818917237087835,-0.0042477179745277205,0.0004214075010535723
2025-06-17,-0.0010200940300635342,-0.008630778232884828,-0.0049152125829441395,-0.01751113154813544,-0.0002106149957876724
2025-06-18,0.0010368419569324328,-0.0035413899955731853,-0.0035811311434923443,0.003489736005410471,0.00014043957587261957
2025-06-19,-0.006646174418607931,-0.00770028135643408,-0.011897385053909915,-0.005387985694442543,0.00070209927683762
2025-06-20,0.006527973076710714,0.0011938516639307117,0.005393202056942048,0.005206124927050748,-0.000350803339647876
2025-06-23,-0.0032833832537317864,-0.0025339096735728095,-0.0006237524950098994,-0.003842965544858412,-0.0004211117349803839
2025-06-24,0.009677842757678468,0.011506276150627492,0.021095993009611735,0.024034945952850606,0.0007021485746385725
2025-06-25,-0.00561385215730148,-0.007238883143743435,0.003056234718826323,-0.005295812033858205,-0.00042099354476565765
2025-06-26,-0.001542360394375053,0.0007440476190476719,0.0006093845216330607,0.012434523832667521,0.0011933174224343368
2025-06-27,0.005305510712765749,0.012490706319702616,-0.0026796589524968883,0.0018150178347979828,-0.000560891817990461
2025-06-30,-0.0030461051896883973,-0.005874577764723221,-0.0051294577430386346,-0.002531232215184809,-0.0003507541213609855
2025-07-01,0.011797148653982736,-0.0013295907815039643,0.0022096734593666234,0.0060828089858580014,0.0008421052631579773
2025-07-02,-0.00010792705526763147,0.002218934911242698,0.0025722684958353614,-0.011144829762526065,-0.000771280325340129
2025-07-03,0.010253689502453645,0.004280442804428075,0.00940745265730003,0.012181784715666,0.0011227282295978025
2025-07-04,-0.007715718487569356,-0.004556143445032412,-0.011740498668603272,-0.00831690732790591,0.0006308263825611782
2025-07-07,0.002158987872431961,0.00428170677690809,0.003306797305572484,0.0015665202473229556,-0.0007004763239002454
2025-07-08,0.0038132249448805666,0.004116436342252339,0.0040283203125,-0.0015928990688247602,-0.0004906771344455052
2025-07-09,-0.002377950545836449,0.00834553440702801,-0.002553191489361617,0.0043438290907131805,0.0002805245809662793
2025-07-10,0.015409989299972837,0.005517641934078554,0.004388103364212581,0.007146123039830643,-0.0007712262497370226
2025-07-11,-0.010985507729599164,-0.011119133574007178,-0.0023058252427186066,-0.011795132891246007,0.00035082795397123334
2025-07-14,4.221761529299428e-05,-0.0005841121495328006,0.002067874954385207,-0.00047287207340696025,0.0004208459002594811
2025-07-15,0.0006981357446456116,-0.003214494447691396,0.014323865015780646,-0.006320752054491119,0.00035055738624412136
2025-07-16,-0.01722235474417122,-0.0070360598065084545,-0.006582096696984174,-0.002545610046121638,0.00021026072329699552
2025-07-17,0.021446965478023383,0.010628875110717528,0.016985905312612903,0.01749089018687844,0.00042043304603733844
2025-07-18,-0.002179546588396364,-0.0008764241893074454,-0.0017768301350391535,-0.004542509471847422,-0.00021012817818866214
2025-07-21,-0.0008762813158669225,-0.0002923976608188994,0.001898659072030462,-0.0073804440207980715,0.0008406893652794789
2025-07-22,-0.0010685217220818277,-0.0042410061421467304,-0.006751154802795312,0.0027334118595481183,0.0004899902001960221
2025-07-23,0.006354153190321954,0.010427375532383598,0.008347245409014992,0.021257021973223766,-0.0008395718183726864
2025-07-24,0.002308820403737588,0.002034883720930303,-0.003429517502365309,-0.007323941559383762,-0.0021707163363909876
2025-07-25,0.0004511277479672948,-0.0029010733971569502,-0.005221312448083548,-0.008979392178942613,0.00035087719298254605
2025-07-28,0.011503532278867024,-0.0008728542333428235,0.007395920314923199,0.0033498328133154676,0.0007015082427217489
2025-07-29,0.002998056394151627,0.0016016307513104788,0.006512729425695696,0.0008545339809704622,0.000350508236943492
2025-07-30,0.007403771931550063,-0.000290739933130002,0.00047058823529422256,0.0017367702168298305,-0.0007708479327258599
2025-07-31,-0.006998566193932354,-0.007416024429256818,-0.0017638758231420804,-0.0055673306453818405,7.013114524156983e-05
2025-08-01,-0.03151703191650368,-0.024025783767946063,-0.022381905995994877,-0.027787500343049443,0.0013323983169706288
2025-08-04,0.013464379945959726,0.013809666766736672,0.009037233401614664,0.016894487905225297,7.003291547036383e-05
2025-08-05,-0.0032872785414226335,0.0017767249037605737,0.003582517315500411,0.00706219722560264,-0.0006302521008403339
2025-08-06,-0.004627389398399684,-0.000886786875554324,-0.004283674440742513,0.0006912124229088157,0.0001401443486790388
2025-08-07,-0.005218704990542555,0.00917159763313613,0.013264818355640529,0.005039992440074137,0.0005604988439711356
2025-08-08,0.00468500515373238,0.0023453532688360035,-0.005778983370680613,0.007523368673746145,-0.0006302079686296702
2025-08-11,0.0017165114203774312,-0.00073120795554249,0.006524317912218303,0.0011703427970009006,-0.000630605381165994
2025-08-12,0.0017536741043406856,0.001756183228450281,0.001767825574543469,0.008346786850971233,0.00035055738624412136
2025-08-13,0.008495496279665948,0.005843681519356991,0.009882352941176453,0.017447227649797226,0.0011914774320156418
2025-08-14,0.001926644777247244,-0.0031953522149600344,-0.0060577819198509575,0.0025778116747232627,0.0
2025-08-15,-0.003598281858194441,0.0002914177473409829,-0.0037505860290669712,0.0019298836716341583,-0.0007000350017500878
2025-08-18,0.0037165062996766807,0.00014566642388924578,0.006823529411764673,0.00237336764950391,-0.0004203152364273821
2025-08-19,0.005888180697237733,0.007573550830177744,-0.003505491937368488,0.000594479408212889,0.0009110659471580629
2025-08-20,-0.0030753472670882465,0.0018791558253830054,-0.004573170731707377,-0.005405130143823711,0.0002800728189331636
2025-08-21,0.002750885617636145,-0.0005771172990911566,0.0043585816939568645,0.0053408537698460545,-0.0007699846003080824
2025-08-22,0.009458544713033978,0.00461960444636933,0.008796622097114737,0.019044143084300913,0.0008406304728547642
2025-08-26,-0.0032445830997694936,-0.011927001005891613,0.00011626555051735821,-0.01788077628568674,-0.000629943305102576
2025-08-27,0.006306497857272442,0.0011634671320535084,-0.005347593582887611,0.01721049496463478,0.0007003782042303008
2025-08-28,-0.00861120894827272,-0.0013073794305636932,-0.0012856474988311994,-0.004404789486695315,0.0003499440089587136
2025-08-29,0.0007661753428638285,-0.00683636363636364,-0.006553540081919329,-0.00111475719856724,-0.00027985727279100647
2025-09-01,0.0009210824459009448,0.002636203866432263,0.0011779950524206662,-0.0033515348786139487,-0.000839806844425639
2025-09-02,-0.005788879389503676,-0.014314928425357754,-0.001176609012825014,-0.015186564229885735,-7.004272606303541e-05
2025-09-03,-0.0028404765075611405,0.007557794902193216,0.005183178230651508,0.006779950365375598,0.0
2025-09-04,0.006453588867419757,0.005736137667303964,-0.002812609867572924,0.0013336509703296695,0.0012608573830203973
2025-09-05,-0.0052006905653136926,-0.0020473822755191495,0.004465859677987849,0.00800400878848695,0.00013991884706876512
2025-09-08,-0.0011972503253084854,0.005568581477139567,0.008307008307008479,0.002234690191741606,0.0004896474538331752
2025-09-09,0.002668116944697374,0.0011658408627222006,0.009631004873520421,0.003930107247558379,-0.00020974620708946734
2025-09-10,-0.0027497132464414653,-0.0004366812227074579,0.010688426617630142,-0.002399812375021293,-0.000489510489510403
2025-09-11,0.012283090077415348,0.0046599679627201684,0.0003411416875143125,0.005037769562479477,-0.01098439795704187
2025-09-12,-0.0019762005462430343,-0.0005797941730684153,0.00261452767989101,-7.431260231749448e-05,-0.0007074136955292909
2025-09-15,-0.005247539638434828,0.004060913705583813,0.0027210884353741083,-0.0007336989047360687,0.0004955401387514158
2025-09-16,-0.01500844827594272,-0.010833453705041185,-0.002939846223428244,-0.014294000854061961,7.075638576381493e-05
2025-09-17,0.009769442855755095,-0.0007301401869158619,0.009525969607620643,0.008830489425971866,-0.0007075137965190104
2025-09-18,0.006225993584539458,0.008183545228700684,0.0014603459896653792,-0.003293130062939964,0.0007788161993769194
2025-09-19,-0.0017449119768200294,-0.0010146398028698655,0.0006730229949520883,-0.0037696652563328215,-0.0002122391227449283
2025-09-22,-0.001316058936487785,-0.0010156703424261115,-0.0010088555094719398,-0.0009604845278714524,-0.00014152278516832428
2025-09-23,0.004024228056452195,0.0024691358024691024,0.006844703770197524,0.009352288289765198,0.000424628450106157
2025-09-24,0.0034220049748636683,-0.0023181686467690366,-0.000111445447453562,-0.014780423174229118,-0.00021222410865873176
2025-09-25,-0.003983639260965899,-0.006244554167876726,-0.0016718680338833058,-0.013669173458390915,7.075638576381493e-05
2025-09-26,0.0035937316766780913,0.007745141020020219,-0.008819917383052323,0.014430926590344617,-0.00028300551860760415
2025-09-29,0.0018697897781509987,0.001885150812065195,0.011038522189682487,0.00407539158424064,0.0007784854918611028
2025-09-30,-0.0025316656592611064,0.0036184686640614583,0.00100267379679142,0.004883483631716867,-0.0004950144968530745
2025-10-01,0.008588236738449329,0.012979521199884436,0.008347245409014992,0.012734131125559989,0.0007782651761707449
2025-10-02,0.0029068786926129686,0.00669134396355342,0.006732891832229582,-0.005122413760503042,-0.0004948745139624622
2025-10-03,0.004601691418880893,0.004101258662141172,0.0026312904286811545,0.01107591199114144,0.00042438817371626136
2025-10-06,0.0028344355921343656,-0.00014084507042255723,0.006889010388190231,0.0046685780874273775,-0.0005656108597283938
2025-10-07,-0.0023802469535613158,-0.0014086491055077532,0.0007602085143354476,-0.007067226505129032,0.0007074136955291799
2025-10-08,0.006841679674861156,0.007053180984624152,0.0037981551817687365,0.0026845635287180425,0.0005655308921248547
2025-10-09,-0.0003328496804252401,-0.005042723070458055,0.0008648648648648116,-0.005549841991047133,0.0002119542178888878
2025-10-10,-0.019526135709490577,-0.011966774602280683,-0.03272845106934541,-0.01609088383615187,0.0004944550399095249
2025-10-13,0.0037590810960066445,0.0054146480478767245,0.02400893355667222,0.004880355220948873,0.0005648121999435318
2025-10-14,-0.0012295247331614023,-0.003826530612244805,-0.012213740458015265,-0.0007882977148345738,0.00028224668360143923
2025-10-15,0.006206204005861693,0.005548442168160417,0.015235151247515955,0.012280107200614676,0.0005643340857788282
2025-10-16,-0.007335381841798716,0.007357102433503071,0.004893431926924707,0.002756790821039967,0.00035250987027635183
2025-10-17,-0.0028264568460669715,-0.008848314606741736,-0.009306352126393191,-0.016803118710054576,-0.000563817041369985
2025-10-20,0.010992019984523704,0.009635822587501952,0.020207536865101128,0.012816910126152381,-0.00021155066638456343
2025-10-21,0.010425429128089414,0.0023859649122808246,-0.004175588865096391,0.00737822416597278,0.0008463817181549871
2025-10-22,-0.00282838536040686,-0.0022402688322598063,-0.0041930975163960715,-0.00648938199540261,-0.00021141649048628253
2025-10-23,-0.0013662843274927505,0.003367948358125039,0.009069315482617135,-0.004563674528446415,0.0
2025-10-24,0.009152482024497477,0.002097902097902171,0.007596832869676939,0.0064158897825290495,-0.0007753577218581054
2025-10-27,-0.0023709232631893284,0.0023726448011163193,0.007220983328023678,0.006130497678847879,0.0
2025-10-28,-0.00451160958745167,-0.0019493177387912564,-0.004006325777543451,-0.006550399037449028,-0.00028216704288930305
2025-10-29,-0.0043221954005686625,-0.0005580357142858094,0.013443421191912774,-0.0035984131339859005,0.0004939316963026297
2025-10-30,0.0025736638989193317,-0.0002791736460077132,-0.006580321704616643,-0.00603672777139419,0.0001410536709218757
2025-10-31,-0.0053649933377463155,-0.005166154705389614,-0.0028388182104930326,-0.004091143578693335,0.0
2025-11-03,-0.0044674629883100225,0.00014035087719310724,0.007064529734289282,-0.008965731954840184,-0.0005641351103590209
2025-11-04,-0.0007793019630506492,-0.0026662924501825724,-0.007433776567898787,0.00032680666377848944,0.00014111338460454093
2025-11-05,0.00257035730471622,0.0030955396088365728,0.00031645569620253333,0.0015962314231532382,0.0003527336860671415
2025-11-06,-0.0048337688036205195,-0.006873334268481024,-0.0117051565960139,-0.015091148247649011,7.05218617771397e-05
2025-11-07,-0.007198407642532101,-0.005225988700564788,-0.016325224071703004,0.010635678557893158,0.0
2025-11-10,0.010683100623302133,0.013488570211557471,0.027117908666883572,0.0009597941241836772,-0.00014103377758978297
2025-11-11,0.0066937762252603505,0.013028859624544697,-0.000739254409124479,0.015033327293045629,0.00035263417730457824
2025-11-12,0.0066660030293930195,0.007467846770847553,0.00021137180300145886,0.01651187224439843,0.00021150592216589992
2025-11-13,-0.008811462773640533,-0.008922443376801481,-0.008453085376162295,-0.016579438241017486,-0.0007753577218581054
2025-11-14,-0.006640510217932438,-0.010249307479224479,0.0037297527706734446,0.0009885026118112705,-0.00021162528216700505
2025-11-17,-0.006003995533476192,-0.006017352364959261,-0.009236649325830792,0.0010531080671776216,-7.055669230215944e-05
2025-11-18,-0.008079637958805508,-0.017598197944530436,-0.011037291041577246,-0.01366260520771334,0.0005644933672031005
2025-11-19,-0.0012636757232225015,-0.00042992261392948983,0.00043341640481076027,0.0007401229909567153,7.05218617771397e-05
2025-11-20,0.005215842615710065,0.003727598566308332,0.002057836022961057,0.005163095636349535,0.00021155066638467446
2025-11-21,-0.00020148719839052642,-0.0028567347521782915,-0.018050151318633856,-0.005578702151021631,0.00021150592216589992
2025-11-24,0.011231820860313046,0.001718951439621863,0.012438084755090895,0.019554954023497162,0.0
2025-11-25,0.0060208038857310076,0.008866008866008634,-0.004566210045662156,0.008971651584104512,7.048706562340357e-05
2025-11-26,0.009491155181442501,0.01077250177179323,0.011358671909130535,0.017767867506980117,0.0004933746828306163
2025-11-27,-0.0024770998750351936,0.0011218622914037635,-0.001187904967602571,0.00010358359199535982,-7.044734061278923e-05
2025-11-28,0.006735068403928901,0.0029415884577670415,0.003243593902043651,0.006139690632797956,-0.00021135691137097457
2025-12-01,-0.004860817775117265,-0.0027932960893852776,-0.0016165535079212257,-0.012263283226049637,-0.0003523359875976517
2025-12-02,-0.005120231582075752,0.0012605042016804457,-0.002590673575129432,-0.007004801285823037,-7.049203440023799e-05
2025-12-03,0.0014703635972366236,0.001538676738005229,-0.002489177489177541,0.00895104594563878,0.0
2025-12-04,0.0018459834529966912,0.004329608938547613,0.0026038841271562863,0.005099944246622634,-0.00014099400775458015
2025-12-05,0.007756150427235875,-0.00013906271728536534,0.011037766475489708,0.0006732251608012607,0.00014101388986809127
2025-12-08,-0.005387037762988212,-0.0009735744089013343,-0.004174248100181965,-0.001203061619903023,-0.0009869580542826162
2025-12-09,-5.228337951668216e-05,-0.0005568703884170079,-0.0019346517626828152,0.0020249990875713664,0.0
2025-12-10,-0.0006309985854631162,0.0001392951664576092,0.0012922679302176387,-0.0023890585531334274,-0.0004939665514079872
2025-12-11,0.00474617206356065,0.005153203342618484,-0.010970101097010243,0.009536224799959303,0.0004942106749508124
2025-12-12,-0.00023065346712647372,-0.0051267839822641825,-0.007720748151370138,-0.005184754817063153,7.056665020099828e-05
2025-12-15,-0.003942741822620444,0.006824512534818972,0.0010958904109588108,0.0035658868708952074,0.0005644933672031005
2025-12-16,-0.00408385818663215,-0.004564946742288134,-0.015325670498084198,0.0021197372156529504,0.0003526093088856985
2025-12-17,-0.001985395948651658,0.0005558643690939391,-0.0007782101167316258,-0.002349911745902711,7.04970038774011e-05
2025-12-18,0.007583408240991352,0.009166666666666545,0.014352469959946657,0.004571886336568243,0.0001409840688000319
2025-12-19,0.001657101180609022,0.005229837599779907,0.009652297905012652,0.006918447070809242,-0.0004933746828305052
2025-12-22,0.0018612538416102886,-0.0027382256297919794,-0.00010863661053761575,0.00884065093733799,-0.00014103377758978297
2025-12-23,-0.005243675601296016,0.003569467325645226,0.0009778357235983304,0.002412011388377433,0.0002821073418437514
2025-12-24,0.0005150715572237452,0.001367989056087593,0.005101487029197882,0.0016136531265031895,0.000987097229076861
2025-12-29,0.0028933714104764086,-0.000683060109289535,0.0038876889848811214,-0.007569966782195903,0.0010565612453334872
2025-12-30,0.000835936994443065,0.006698564593301315,0.007960413080895012,-0.0024629085062007894,-0.000562904587672497
2025-12-31,0.0009912740026234435,-0.0027159152634438355,-0.001173959445037398,-0.0017425988459879305,0.0002816108138554707
2026-01-02,-0.005419006166021867,0.008442265795207016,0.02147665348862038,0.0012155876669293075,-0.0009149774774775965
2026-01-05,0.014166891141476512,0.009721847150958585,0.01642259414225955,0.017458889812736578,0.0004931313842904128
2026-01-06,0.008913973327798308,0.005349023803155939,0.010599979417515781,0.008901434238005823,0.0009857766511758292
2026-01-07,-0.0010369928505232773,-0.0011971268954509284,-0.005193482688391038,0.002353962598182102,7.03432751827382e-05
2026-01-08,0.006207184088244944,-0.0014649087761352542,-0.0029685740608045297,0.0015079925705729913,0.000422029964127546
2026-01-09,0.005861372110514518,0.009602560682848704,0.007700205338809107,-0.0017168068297137573,-0.0006327778949588581
2026-01-12,-0.0018764087034911503,0.001849405548216554,0.008965868568517443,-0.0034626510608269934,0.0006331785563529202
2026-01-13,0.0016344535700019147,-0.001054852320675037,0.0008078360092900194,-0.009005417140818928,-0.00042185192997257204
2026-01-14,0.004990392389361276,0.0013199577613516311,-0.00010089799212997796,0.0019214985344249147,0.000351691636772955
2026-01-15,0.011656715810322238,0.005404692855259574,0.015438950554995001,0.007898180787236253,0.00021094079594985438
2026-01-16,-0.00293337489530221,0.0002622263012981296,-0.009440524694425023,-0.0013024296549367653,-0.0002811950790860829
2026-01-19,-0.014245694231638018,-0.012321405164503973,0.001404494382022392,-0.012696618064595544,0.0004922298009983894
2026-01-20,-0.007713190796045266,-0.00690112806901122,-0.0133239831697054,-0.0020584155325298337,0.0004919876300253367
2026-01-21,0.009651292485853169,-0.0008018174528932054,0.011879378617118519,0.004143274559113674,-0.0001404987706355998
2026-01-22,0.0044557777382638886,0.008559582720342407,0.008328316275336034,0.011575562357546643,-0.00021077776997124875
2026-01-23,-0.010113069480032655,0.0005304336294922329,-0.005473181411085659,-0.0016264608108577105,-7.027406886872534e-05
2026-01-26,-0.008075226515016243,0.001325381047051044,-0.001300780468280971,0.00405078198650588,0.0004919530536229288
2026-01-27,-0.006976270695366216,0.005691594970218539,0.008315800020038067,8.833665962937332e-06,0.0
2026-01-28,0.004463258445694507,-0.008423269281389811,0.008147853736089061,-0.003717658904842769,0.0002809778027534904
2026-01-29,-0.007117184403624077,-0.0019909742500664462,-0.008082002759708162,0.0007408493498810564,0.000351123595505598
2026-01-30,0.0027619505797633614,0.007181806091235643,-0.0030802861685215177,-0.0038463919619909914,-7.02000701999772e-05
2026-02-02,0.015656120421688513,0.01122408556714638,-0.0005980265125087314,0.011360119211646147,-0.0004914349901712356
2026-02-03,-0.0012302666832907372,0.00013058239749286216,0.011169841428144034,0.005975617342815598,0.0
2026-02-04,0.006894071011211533,-0.0007833920877399203,-0.010257421836473046,-0.007635569583832491,0.0004916766172649023
2026-02-05,-0.006173892988530327,-0.009930746112635669,-0.003986048829098032,-0.011467498402436105,0.0004212299915753448
2026-02-06,0.010097799626829218,0.008446614755180049,0.012706353176588303,0.006576900941451136,-0.00014035087719310724
2026-02-09,-0.002425766463530432,0.007721502421149218,0.007705986959098965,0.005408747645623713,0.0006316676024704648
2026-02-10,0.005230360318760008,-0.0010389610389610615,0.0006862745098039635,0.0014715686185360344,0.0001402819667533084
2026-02-11,0.0022230125483089225,0.0022100884035360924,0.011756637601646025,-0.013484517919465033,-0.0002103934357248205
2026-02-12,-0.006781655154368238,-0.006096770009080266,-0.006197346760917988,-0.003614286891513885,0.00035072951739634206
2026-02-13,0.00803305023569667,0.0002610284521011863,0.0009743739647276595,0.008926801141623253,0.0005609704789284464
2026-02-16,-0.002482965930445058,0.0019572025052192465,0.0030176190012654036,-0.0038290453749938447,-0.0004204919756114478
2026-02-17,0.0017963676774446213,0.004948561010548191,0.0,0.0013619411300545003,0.000560891817990683
2026-02-18,0.005020279246535031,0.012051315277957553,0.012131211180124168,0.005235679973200957,-0.00014014434867926084
2026-02-19,0.0007223297436915743,-0.006786171574904021,-0.005177869402627322,-0.006622243220049895,0.0
